epoch,D_loss,G_loss,content_loss,gan_loss
1,0.1084199095874404,2.6305921260515848,2.6267660705248517,3.8260535593827565
2,0.0011809574374152967,1.2746758035818735,1.2674721117814383,7.203693208694458
